{"cameraMode":{"drawMode":0,"name":"Shaded","section":"Shading Mode"},"sceneLighting":true,"audioPlay":false,"sceneViewState":{"showFog":false,"showMaterialUpdate":false,"showSkybox":false,"showFlares":false,"showImageEffects":false,"showParticleSystems":false},"in2DMode":false,"pivot":{"x":0.4994516372680664,"y":0.14560794830322267,"z":-0.5389037132263184},"rotation":{"x":-0.07245000451803208,"y":0.9159620404243469,"z":-0.1926557421684265,"w":-0.3444560170173645},"size":5.707395553588867,"orthographic":false}